simulation_id,round,mechanism_type,agent_id,is_adversarial,expertise_level,resources_controlled,voting_power,delegations_received
PDD_sim1,1,PDD,0,0,0.702,113,1,0
PDD_sim1,1,PDD,1,0,0.584,89,1,0
PDD_sim1,1,PDD,2,0,0.735,123,1,0
PDD_sim1,1,PDD,3,1,0.237,100,1,0
PDD_sim1,1,PDD,4,0,0.396,108,1,0
PDD_sim1,1,PDD,5,0,0.795,121,1,0
PDD_sim1,1,PDD,6,0,0.533,87,1,0
PDD_sim1,1,PDD,7,1,0.081,118,1,0
PDD_sim1,1,PDD,8,0,0.864,61,1,0
PDD_sim1,1,PDD,9,0,0.673,105,1,0
PDD_sim1,2,PDD,0,0,0.41,108,1,0
PDD_sim1,2,PDD,1,0,0.725,127,1,0
PDD_sim1,2,PDD,2,0,0.601,110,1,0
PDD_sim1,2,PDD,3,1,0.374,99,1,0
PDD_sim1,2,PDD,4,0,0.677,145,1,0
PDD_sim1,2,PDD,5,0,0.718,129,1,0
PDD_sim1,2,PDD,6,0,0.959,85,1,0
PDD_sim1,2,PDD,7,1,0.369,131,1,0
PDD_sim1,2,PDD,8,0,0.798,134,1,0
PDD_sim1,2,PDD,9,0,0.829,120,1,0
PDD_sim1,3,PDD,0,0,0.441,138,1,0
PDD_sim1,3,PDD,1,0,0.839,128,1,0
PDD_sim1,3,PDD,2,0,0.87,114,1,0
PDD_sim1,3,PDD,3,1,0.429,123,1,0
PDD_sim1,3,PDD,4,0,0.753,119,1,0
PDD_sim1,3,PDD,5,0,0.652,81,1,0
PDD_sim1,3,PDD,6,0,0.703,145,1,0
PDD_sim1,3,PDD,7,1,0.196,113,1,0
PDD_sim1,3,PDD,8,0,0.752,113,1,0
PDD_sim1,3,PDD,9,0,0.869,111,1,0
PDD_sim1,4,PDD,0,0,0.816,125,1,0
PDD_sim1,4,PDD,1,0,0.754,115,1,0
PDD_sim1,4,PDD,2,0,0.833,157,1,0
PDD_sim1,4,PDD,3,1,0.377,165,1,0
PDD_sim1,4,PDD,4,0,0.68,83,1,0
PDD_sim1,4,PDD,5,0,0.632,122,1,0
PDD_sim1,4,PDD,6,0,0.799,137,1,0
PDD_sim1,4,PDD,7,1,0.046,141,1,0
PDD_sim1,4,PDD,8,0,0.642,89,1,0
PDD_sim1,4,PDD,9,0,0.536,114,1,0
PDD_sim1,5,PDD,0,0,0.787,75,1,0
PDD_sim1,5,PDD,1,0,0.671,76,1,0
PDD_sim1,5,PDD,2,0,0.8,155,1,0
PDD_sim1,5,PDD,3,1,0.435,104,1,0
PDD_sim1,5,PDD,4,0,0.616,129,1,0
PDD_sim1,5,PDD,5,0,0.964,104,1,0
PDD_sim1,5,PDD,6,0,0.852,139,1,0
PDD_sim1,5,PDD,7,1,0.061,64,1,0
PDD_sim1,5,PDD,8,0,0.747,108,1,0
PDD_sim1,5,PDD,9,0,0.884,109,1,0
PDD_sim1,6,PDD,0,0,0.859,103,1,0
PDD_sim1,6,PDD,1,0,0.812,112,1,0
PDD_sim1,6,PDD,2,0,0.614,62,1,0
PDD_sim1,6,PDD,3,1,0.151,111,1,0
PDD_sim1,6,PDD,4,0,0.826,127,1,0
PDD_sim1,6,PDD,5,0,0.974,152,1,0
PDD_sim1,6,PDD,6,0,0.578,91,1,0
PDD_sim1,6,PDD,7,1,0.562,77,1,0
PDD_sim1,6,PDD,8,0,0.781,113,1,0
PDD_sim1,6,PDD,9,0,0.845,153,1,0
PDD_sim1,7,PDD,0,0,0.898,120,1,0
PDD_sim1,7,PDD,1,0,0.781,99,1,0
PDD_sim1,7,PDD,2,0,0.415,112,1,0
PDD_sim1,7,PDD,3,1,0.288,109,1,0
PDD_sim1,7,PDD,4,0,0.745,60,1,0
PDD_sim1,7,PDD,5,0,0.821,99,1,0
PDD_sim1,7,PDD,6,0,0.718,133,1,0
PDD_sim1,7,PDD,7,1,0.505,134,1,0
PDD_sim1,7,PDD,8,0,0.839,109,1,0
PDD_sim1,7,PDD,9,0,0.605,80,1,0
PDD_sim1,8,PDD,0,0,0.976,100,1,0
PDD_sim1,8,PDD,1,0,0.727,146,1,0
PDD_sim1,8,PDD,2,0,0.732,117,1,0
PDD_sim1,8,PDD,3,1,0.269,110,1,0
PDD_sim1,8,PDD,4,0,0.708,106,1,0
PDD_sim1,8,PDD,5,0,0.66,161,1,0
PDD_sim1,8,PDD,6,0,0.561,98,1,0
PDD_sim1,8,PDD,7,1,0.026,152,1,0
PDD_sim1,8,PDD,8,0,0.584,93,1,0
PDD_sim1,8,PDD,9,0,0.931,140,1,0
PDD_sim1,9,PDD,0,0,0.603,116,1,0
PDD_sim1,9,PDD,1,0,0.652,106,1,0
PDD_sim1,9,PDD,2,0,0.796,162,1,0
PDD_sim1,9,PDD,3,1,0.151,105,1,0
PDD_sim1,9,PDD,4,0,0.714,101,1,0
PDD_sim1,9,PDD,5,0,0.933,167,1,0
PDD_sim1,9,PDD,6,0,0.39,174,1,0
PDD_sim1,9,PDD,7,1,0.447,141,1,0
PDD_sim1,9,PDD,8,0,0.298,126,1,0
PDD_sim1,9,PDD,9,0,0.791,157,1,0
PDD_sim1,10,PDD,0,0,0.7,152,1,0
PDD_sim1,10,PDD,1,0,0.714,96,1,0
PDD_sim1,10,PDD,2,0,0.61,129,1,0
PDD_sim1,10,PDD,3,1,0.102,148,1,0
PDD_sim1,10,PDD,4,0,0.535,109,1,0
PDD_sim1,10,PDD,5,0,0.36,131,1,0
PDD_sim1,10,PDD,6,0,0.54,196,1,0
PDD_sim1,10,PDD,7,1,0.128,169,1,0
PDD_sim1,10,PDD,8,0,0.737,137,1,0
PDD_sim1,10,PDD,9,0,0.906,109,1,0
PDD_sim1,11,PDD,0,0,0.713,132,1,0
PDD_sim1,11,PDD,1,0,0.63,104,1,0
PDD_sim1,11,PDD,2,0,0.765,125,1,0
PDD_sim1,11,PDD,3,1,0.179,147,1,0
PDD_sim1,11,PDD,4,0,0.932,90,1,0
PDD_sim1,11,PDD,5,0,0.899,163,1,0
PDD_sim1,11,PDD,6,0,0.967,169,1,0
PDD_sim1,11,PDD,7,1,0.027,132,1,0
PDD_sim1,11,PDD,8,0,0.813,193,1,0
PDD_sim1,11,PDD,9,0,0.768,130,1,0
PDD_sim1,12,PDD,0,0,0.571,92,1,0
PDD_sim1,12,PDD,1,0,0.638,149,1,0
PDD_sim1,12,PDD,2,0,0.663,132,1,0
PDD_sim1,12,PDD,3,1,0.461,137,1,0
PDD_sim1,12,PDD,4,0,0.671,95,1,0
PDD_sim1,12,PDD,5,0,0.818,165,1,0
PDD_sim1,12,PDD,6,0,0.892,153,1,0
PDD_sim1,12,PDD,7,1,0.029,134,1,0
PDD_sim1,12,PDD,8,0,0.664,191,1,0
PDD_sim1,12,PDD,9,0,0.623,121,1,0
PDD_sim1,13,PDD,0,0,0.458,102,1,0
PDD_sim1,13,PDD,1,0,0.655,156,1,0
PDD_sim1,13,PDD,2,0,0.7,96,1,0
PDD_sim1,13,PDD,3,1,0.22,144,1,0
PDD_sim1,13,PDD,4,0,0.783,151,1,0
PDD_sim1,13,PDD,5,0,0.723,158,1,0
PDD_sim1,13,PDD,6,0,0.547,100,1,0
PDD_sim1,13,PDD,7,1,0.317,125,1,0
PDD_sim1,13,PDD,8,0,0.691,121,1,0
PDD_sim1,13,PDD,9,0,0.782,163,1,0
PDD_sim1,14,PDD,0,0,0.787,181,1,0
PDD_sim1,14,PDD,1,0,0.331,135,1,0
PDD_sim1,14,PDD,2,0,0.875,136,1,0
PDD_sim1,14,PDD,3,1,0.227,123,1,0
PDD_sim1,14,PDD,4,0,0.748,140,1,0
PDD_sim1,14,PDD,5,0,0.659,165,1,0
PDD_sim1,14,PDD,6,0,0.617,130,1,0
PDD_sim1,14,PDD,7,1,0.227,180,1,0
PDD_sim1,14,PDD,8,0,0.874,155,1,0
PDD_sim1,14,PDD,9,0,0.667,101,1,0
PDD_sim1,15,PDD,0,0,0.62,162,1,0
PDD_sim1,15,PDD,1,0,0.837,122,1,0
PDD_sim1,15,PDD,2,0,0.905,166,1,0
PDD_sim1,15,PDD,3,1,0.121,181,1,0
PDD_sim1,15,PDD,4,0,0.784,98,1,0
PDD_sim1,15,PDD,5,0,0.692,178,1,0
PDD_sim1,15,PDD,6,0,0.669,175,1,0
PDD_sim1,15,PDD,7,1,0.512,150,1,0
PDD_sim1,15,PDD,8,0,0.582,139,1,0
PDD_sim1,15,PDD,9,0,0.708,147,1,0
PDD_sim1,16,PDD,0,0,0.934,157,1,0
PDD_sim1,16,PDD,1,0,0.714,157,1,0
PDD_sim1,16,PDD,2,0,0.692,138,1,0
PDD_sim1,16,PDD,3,1,0.197,103,1,0
PDD_sim1,16,PDD,4,0,0.837,145,1,0
PDD_sim1,16,PDD,5,0,0.59,205,1,0
PDD_sim1,16,PDD,6,0,0.632,182,1,0
PDD_sim1,16,PDD,7,1,0.391,146,1,0
PDD_sim1,16,PDD,8,0,0.444,143,1,0
PDD_sim1,16,PDD,9,0,0.362,159,1,0
PDD_sim1,17,PDD,0,0,0.71,182,1,0
PDD_sim1,17,PDD,1,0,0.649,141,1,0
PDD_sim1,17,PDD,2,0,0.917,162,1,0
PDD_sim1,17,PDD,3,1,0.47,148,1,0
PDD_sim1,17,PDD,4,0,0.254,127,1,0
PDD_sim1,17,PDD,5,0,0.642,162,1,0
PDD_sim1,17,PDD,6,0,0.514,221,1,0
PDD_sim1,17,PDD,7,1,0.565,130,1,0
PDD_sim1,17,PDD,8,0,0.553,183,1,0
PDD_sim1,17,PDD,9,0,0.726,165,1,0
PDD_sim1,18,PDD,0,0,0.604,182,1,0
PDD_sim1,18,PDD,1,0,0.873,202,1,0
PDD_sim1,18,PDD,2,0,0.695,230,1,0
PDD_sim1,18,PDD,3,1,0.206,176,1,0
PDD_sim1,18,PDD,4,0,0.278,157,1,0
PDD_sim1,18,PDD,5,0,0.722,151,1,0
PDD_sim1,18,PDD,6,0,0.375,188,1,0
PDD_sim1,18,PDD,7,1,0.072,193,1,0
PDD_sim1,18,PDD,8,0,0.461,107,1,0
PDD_sim1,18,PDD,9,0,0.446,204,1,0
PDD_sim1,19,PDD,0,0,0.857,176,1,0
PDD_sim1,19,PDD,1,0,0.622,153,1,0
PDD_sim1,19,PDD,2,0,0.398,177,1,0
PDD_sim1,19,PDD,3,1,0.394,203,1,0
PDD_sim1,19,PDD,4,0,0.605,96,1,0
PDD_sim1,19,PDD,5,0,0.936,151,1,0
PDD_sim1,19,PDD,6,0,0.559,193,1,0
PDD_sim1,19,PDD,7,1,0.407,179,1,0
PDD_sim1,19,PDD,8,0,0.647,167,1,0
PDD_sim1,19,PDD,9,0,0.543,162,1,0
PDD_sim1,20,PDD,0,0,0.676,177,1,0
PDD_sim1,20,PDD,1,0,0.633,72,1,0
PDD_sim1,20,PDD,2,0,0.574,139,1,0
PDD_sim1,20,PDD,3,1,0.434,238,1,0
PDD_sim1,20,PDD,4,0,0.889,171,1,0
PDD_sim1,20,PDD,5,0,0.844,208,1,0
PDD_sim1,20,PDD,6,0,0.688,134,1,0
PDD_sim1,20,PDD,7,1,0.472,146,1,0
PDD_sim1,20,PDD,8,0,0.841,191,1,0
PDD_sim1,20,PDD,9,0,0.595,129,1,0
PDD_sim1,21,PDD,0,0,0.709,177,1,0
PDD_sim1,21,PDD,1,0,0.819,123,1,0
PDD_sim1,21,PDD,2,0,0.396,128,1,0
PDD_sim1,21,PDD,3,1,0.099,208,1,0
PDD_sim1,21,PDD,4,0,0.582,157,1,0
PDD_sim1,21,PDD,5,0,0.913,116,1,0
PDD_sim1,21,PDD,6,0,0.808,164,1,0
PDD_sim1,21,PDD,7,1,0.409,163,1,0
PDD_sim1,21,PDD,8,0,0.814,106,1,0
PDD_sim1,21,PDD,9,0,0.89,205,1,0
PDD_sim1,22,PDD,0,0,0.749,241,1,0
PDD_sim1,22,PDD,1,0,0.692,184,1,0
PDD_sim1,22,PDD,2,0,0.779,181,1,0
PDD_sim1,22,PDD,3,1,0.267,126,1,0
PDD_sim1,22,PDD,4,0,0.877,203,1,0
PDD_sim1,22,PDD,5,0,0.513,152,1,0
PDD_sim1,22,PDD,6,0,0.449,132,1,0
PDD_sim1,22,PDD,7,1,0.319,178,1,0
PDD_sim1,22,PDD,8,0,0.923,185,1,0
PDD_sim1,22,PDD,9,0,0.368,148,1,0
PDD_sim1,23,PDD,0,0,0.737,230,1,0
PDD_sim1,23,PDD,1,0,0.557,166,1,0
PDD_sim1,23,PDD,2,0,0.733,181,1,0
PDD_sim1,23,PDD,3,1,0.492,113,1,0
PDD_sim1,23,PDD,4,0,0.669,262,1,0
PDD_sim1,23,PDD,5,0,0.674,208,1,0
PDD_sim1,23,PDD,6,0,0.799,191,1,0
PDD_sim1,23,PDD,7,1,0.101,147,1,0
PDD_sim1,23,PDD,8,0,0.695,218,1,0
PDD_sim1,23,PDD,9,0,0.84,193,1,0
PDD_sim1,24,PDD,0,0,0.873,159,1,0
PDD_sim1,24,PDD,1,0,0.416,209,1,0
PDD_sim1,24,PDD,2,0,0.86,194,1,0
PDD_sim1,24,PDD,3,1,0.285,205,1,0
PDD_sim1,24,PDD,4,0,0.831,185,1,0
PDD_sim1,24,PDD,5,0,0.887,236,1,0
PDD_sim1,24,PDD,6,0,0.441,182,1,0
PDD_sim1,24,PDD,7,1,0.415,170,1,0
PDD_sim1,24,PDD,8,0,0.639,196,1,0
PDD_sim1,24,PDD,9,0,0.961,147,1,0
PDD_sim1,25,PDD,0,0,0.896,201,1,0
PDD_sim1,25,PDD,1,0,0.693,173,1,0
PDD_sim1,25,PDD,2,0,0.749,197,1,0
PDD_sim1,25,PDD,3,1,0.163,186,1,0
PDD_sim1,25,PDD,4,0,0.398,147,1,0
PDD_sim1,25,PDD,5,0,0.904,177,1,0
PDD_sim1,25,PDD,6,0,0.858,184,1,0
PDD_sim1,25,PDD,7,1,0.288,200,1,0
PDD_sim1,25,PDD,8,0,0.635,141,1,0
PDD_sim1,25,PDD,9,0,0.759,249,1,0
PDD_sim1,26,PDD,0,0,0.455,150,1,0
PDD_sim1,26,PDD,1,0,0.85,278,1,0
PDD_sim1,26,PDD,2,0,0.629,225,1,0
PDD_sim1,26,PDD,3,1,0.347,272,1,0
PDD_sim1,26,PDD,4,0,0.714,176,1,0
PDD_sim1,26,PDD,5,0,0.768,153,1,0
PDD_sim1,26,PDD,6,0,0.742,166,1,0
PDD_sim1,26,PDD,7,1,0.507,181,1,0
PDD_sim1,26,PDD,8,0,0.611,242,1,0
PDD_sim1,26,PDD,9,0,0.518,253,1,0
PDD_sim1,27,PDD,0,0,0.881,224,1,0
PDD_sim1,27,PDD,1,0,0.933,199,1,0
PDD_sim1,27,PDD,2,0,0.898,247,1,0
PDD_sim1,27,PDD,3,1,0.216,229,1,0
PDD_sim1,27,PDD,4,0,0.908,230,1,0
PDD_sim1,27,PDD,5,0,0.853,261,1,0
PDD_sim1,27,PDD,6,0,0.411,254,1,0
PDD_sim1,27,PDD,7,1,0.582,263,1,0
PDD_sim1,27,PDD,8,0,0.822,208,1,0
PDD_sim1,27,PDD,9,0,0.842,279,1,0
PDD_sim1,28,PDD,0,0,0.837,155,1,0
PDD_sim1,28,PDD,1,0,0.722,168,1,0
PDD_sim1,28,PDD,2,0,0.938,155,1,0
PDD_sim1,28,PDD,3,1,0.416,269,1,0
PDD_sim1,28,PDD,4,0,0.929,258,1,0
PDD_sim1,28,PDD,5,0,0.349,178,1,0
PDD_sim1,28,PDD,6,0,0.873,172,1,0
PDD_sim1,28,PDD,7,1,0.435,231,1,0
PDD_sim1,28,PDD,8,0,0.501,174,1,0
PDD_sim1,28,PDD,9,0,0.525,171,1,0
PDD_sim1,29,PDD,0,0,0.416,157,1,0
PDD_sim1,29,PDD,1,0,0.341,207,1,0
PDD_sim1,29,PDD,2,0,0.435,133,1,0
PDD_sim1,29,PDD,3,1,0.296,223,1,0
PDD_sim1,29,PDD,4,0,0.346,208,1,0
PDD_sim1,29,PDD,5,0,0.846,216,1,0
PDD_sim1,29,PDD,6,0,0.755,251,1,0
PDD_sim1,29,PDD,7,1,0.113,212,1,0
PDD_sim1,29,PDD,8,0,0.662,207,1,0
PDD_sim1,29,PDD,9,0,0.893,216,1,0
PDD_sim1,30,PDD,0,0,0.642,158,1,0
PDD_sim1,30,PDD,1,0,0.829,207,1,0
PDD_sim1,30,PDD,2,0,0.793,180,1,0
PDD_sim1,30,PDD,3,1,0.544,223,1,0
PDD_sim1,30,PDD,4,0,0.848,191,1,0
PDD_sim1,30,PDD,5,0,0.798,163,1,0
PDD_sim1,30,PDD,6,0,0.785,211,1,0
PDD_sim1,30,PDD,7,1,0.143,222,1,0
PDD_sim1,30,PDD,8,0,0.573,162,1,0
PDD_sim1,30,PDD,9,0,0.841,178,1,0
PRD_sim1,1,PRD,0,0,0.462,86,1,0
PRD_sim1,1,PRD,1,0,0.799,95,1,0
PRD_sim1,1,PRD,2,0,0.562,86,1,0
PRD_sim1,1,PRD,3,1,0.085,93,1,0
PRD_sim1,1,PRD,4,0,0.969,105,1,0
PRD_sim1,1,PRD,5,0,0.741,103,1,0
PRD_sim1,1,PRD,6,0,0.673,115,1,0
PRD_sim1,1,PRD,7,1,0.248,82,1,0
PRD_sim1,1,PRD,8,0,0.864,106,1,0
PRD_sim1,1,PRD,9,0,0.527,80,1,0
PRD_sim1,2,PRD,0,0,0.911,92,1,0
PRD_sim1,2,PRD,1,0,0.8,90,1,0
PRD_sim1,2,PRD,2,0,0.716,91,1,0
PRD_sim1,2,PRD,3,1,0.125,85,1,0
PRD_sim1,2,PRD,4,0,0.526,86,1,0
PRD_sim1,2,PRD,5,0,0.447,91,1,0
PRD_sim1,2,PRD,6,0,0.353,98,1,0
PRD_sim1,2,PRD,7,1,0.42,120,1,0
PRD_sim1,2,PRD,8,0,0.612,124,1,0
PRD_sim1,2,PRD,9,0,0.914,84,1,0
PRD_sim1,3,PRD,0,0,0.938,118,1,0
PRD_sim1,3,PRD,1,0,0.735,98,1,0
PRD_sim1,3,PRD,2,0,0.606,106,1,0
PRD_sim1,3,PRD,3,1,0.495,101,1,0
PRD_sim1,3,PRD,4,0,0.649,107,1,0
PRD_sim1,3,PRD,5,0,0.881,125,1,0
PRD_sim1,3,PRD,6,0,0.837,84,1,0
PRD_sim1,3,PRD,7,1,0.279,96,1,0
PRD_sim1,3,PRD,8,0,0.407,111,1,0
PRD_sim1,3,PRD,9,0,0.818,99,1,0
PRD_sim1,4,PRD,0,0,0.811,102,1,0
PRD_sim1,4,PRD,1,0,0.866,125,1,0
PRD_sim1,4,PRD,2,0,0.666,135,1,0
PRD_sim1,4,PRD,3,1,0.705,75,1,0
PRD_sim1,4,PRD,4,0,0.776,148,1,0
PRD_sim1,4,PRD,5,0,0.844,81,1,0
PRD_sim1,4,PRD,6,0,0.485,134,1,0
PRD_sim1,4,PRD,7,1,0.162,104,1,0
PRD_sim1,4,PRD,8,0,0.766,70,1,0
PRD_sim1,4,PRD,9,0,0.425,112,1,0
PRD_sim1,5,PRD,0,0,0.577,186,1,0
PRD_sim1,5,PRD,1,0,0.617,112,1,0
PRD_sim1,5,PRD,2,0,0.657,146,1,0
PRD_sim1,5,PRD,3,1,0.302,126,1,0
PRD_sim1,5,PRD,4,0,0.649,107,1,0
PRD_sim1,5,PRD,5,0,0.665,159,1,0
PRD_sim1,5,PRD,6,0,0.895,67,1,0
PRD_sim1,5,PRD,7,1,0.331,115,1,0
PRD_sim1,5,PRD,8,0,0.472,148,1,0
PRD_sim1,5,PRD,9,0,0.725,143,1,0
PRD_sim1,6,PRD,0,0,0.753,97,1,0
PRD_sim1,6,PRD,1,0,0.765,101,1,0
PRD_sim1,6,PRD,2,0,0.96,131,1,0
PRD_sim1,6,PRD,3,1,0.366,87,1,0
PRD_sim1,6,PRD,4,0,0.838,147,1,0
PRD_sim1,6,PRD,5,0,0.724,132,1,0
PRD_sim1,6,PRD,6,0,0.28,132,1,0
PRD_sim1,6,PRD,7,1,0.139,107,1,0
PRD_sim1,6,PRD,8,0,0.791,110,1,0
PRD_sim1,6,PRD,9,0,0.716,136,1,0
PRD_sim1,7,PRD,0,0,0.623,111,1,0
PRD_sim1,7,PRD,1,0,0.693,112,1,0
PRD_sim1,7,PRD,2,0,0.879,114,1,0
PRD_sim1,7,PRD,3,1,0.13,140,1,0
PRD_sim1,7,PRD,4,0,0.916,86,1,0
PRD_sim1,7,PRD,5,0,0.577,138,1,0
PRD_sim1,7,PRD,6,0,0.902,101,1,0
PRD_sim1,7,PRD,7,1,0.282,74,1,0
PRD_sim1,7,PRD,8,0,0.817,95,1,0
PRD_sim1,7,PRD,9,0,0.536,171,1,0
PRD_sim1,8,PRD,0,0,0.882,88,1,0
PRD_sim1,8,PRD,1,0,0.721,138,1,0
PRD_sim1,8,PRD,2,0,0.657,123,1,0
PRD_sim1,8,PRD,3,1,0.07,125,1,0
PRD_sim1,8,PRD,4,0,0.732,133,1,0
PRD_sim1,8,PRD,5,0,0.25,132,1,0
PRD_sim1,8,PRD,6,0,0.859,156,1,0
PRD_sim1,8,PRD,7,1,0.189,52,1,0
PRD_sim1,8,PRD,8,0,0.882,116,1,0
PRD_sim1,8,PRD,9,0,0.767,148,1,0
PRD_sim1,9,PRD,0,0,0.543,139,1,0
PRD_sim1,9,PRD,1,0,0.686,145,1,0
PRD_sim1,9,PRD,2,0,0.723,105,1,0
PRD_sim1,9,PRD,3,1,0.328,122,1,0
PRD_sim1,9,PRD,4,0,0.766,126,1,0
PRD_sim1,9,PRD,5,0,0.785,105,1,0
PRD_sim1,9,PRD,6,0,0.707,101,1,0
PRD_sim1,9,PRD,7,1,0.114,121,1,0
PRD_sim1,9,PRD,8,0,0.579,84,1,0
PRD_sim1,9,PRD,9,0,0.802,131,1,0
PRD_sim1,10,PRD,0,0,0.55,147,1,0
PRD_sim1,10,PRD,1,0,0.468,132,1,0
PRD_sim1,10,PRD,2,0,0.456,107,1,0
PRD_sim1,10,PRD,3,1,0.098,123,1,0
PRD_sim1,10,PRD,4,0,0.864,162,1,0
PRD_sim1,10,PRD,5,0,0.74,139,1,0
PRD_sim1,10,PRD,6,0,0.786,152,1,0
PRD_sim1,10,PRD,7,1,0.366,170,1,0
PRD_sim1,10,PRD,8,0,0.741,111,1,0
PRD_sim1,10,PRD,9,0,0.715,149,1,0
PRD_sim1,11,PRD,0,0,0.776,131,1,0
PRD_sim1,11,PRD,1,0,0.951,121,1,0
PRD_sim1,11,PRD,2,0,0.532,126,1,0
PRD_sim1,11,PRD,3,1,0.499,153,1,0
PRD_sim1,11,PRD,4,0,0.755,123,1,0
PRD_sim1,11,PRD,5,0,0.458,110,1,0
PRD_sim1,11,PRD,6,0,0.889,97,1,0
PRD_sim1,11,PRD,7,1,0.379,129,1,0
PRD_sim1,11,PRD,8,0,0.495,70,1,0
PRD_sim1,11,PRD,9,0,0.774,103,1,0
PRD_sim1,12,PRD,0,0,0.804,176,1,0
PRD_sim1,12,PRD,1,0,0.711,137,1,0
PRD_sim1,12,PRD,2,0,0.729,98,1,0
PRD_sim1,12,PRD,3,1,0.267,91,1,0
PRD_sim1,12,PRD,4,0,0.779,113,1,0
PRD_sim1,12,PRD,5,0,0.469,135,1,0
PRD_sim1,12,PRD,6,0,0.786,117,1,0
PRD_sim1,12,PRD,7,1,0.234,104,1,0
PRD_sim1,12,PRD,8,0,0.914,177,1,0
PRD_sim1,12,PRD,9,0,0.859,161,1,0
PRD_sim1,13,PRD,0,0,0.879,141,1,0
PRD_sim1,13,PRD,1,0,0.509,140,1,0
PRD_sim1,13,PRD,2,0,0.381,90,1,0
PRD_sim1,13,PRD,3,1,0.093,133,1,0
PRD_sim1,13,PRD,4,0,0.778,156,1,0
PRD_sim1,13,PRD,5,0,0.959,158,1,0
PRD_sim1,13,PRD,6,0,0.751,109,1,0
PRD_sim1,13,PRD,7,1,0.537,189,1,0
PRD_sim1,13,PRD,8,0,0.678,140,1,0
PRD_sim1,13,PRD,9,0,0.488,132,1,0
PRD_sim1,14,PRD,0,0,0.762,133,1,0
PRD_sim1,14,PRD,1,0,0.803,128,1,0
PRD_sim1,14,PRD,2,0,0.802,152,1,0
PRD_sim1,14,PRD,3,1,0.031,89,1,0
PRD_sim1,14,PRD,4,0,0.883,130,1,0
PRD_sim1,14,PRD,5,0,0.868,136,1,0
PRD_sim1,14,PRD,6,0,0.945,206,1,0
PRD_sim1,14,PRD,7,1,0.492,142,1,0
PRD_sim1,14,PRD,8,0,0.848,45,1,0
PRD_sim1,14,PRD,9,0,0.529,70,1,0
PRD_sim1,15,PRD,0,0,0.82,188,1,0
PRD_sim1,15,PRD,1,0,0.628,101,1,0
PRD_sim1,15,PRD,2,0,0.664,77,1,0
PRD_sim1,15,PRD,3,1,0.187,179,1,0
PRD_sim1,15,PRD,4,0,0.656,193,1,0
PRD_sim1,15,PRD,5,0,0.918,182,1,0
PRD_sim1,15,PRD,6,0,0.488,103,1,0
PRD_sim1,15,PRD,7,1,0.362,171,1,0
PRD_sim1,15,PRD,8,0,0.961,182,1,0
PRD_sim1,15,PRD,9,0,0.659,176,1,0
PRD_sim1,16,PRD,0,0,0.551,186,1,0
PRD_sim1,16,PRD,1,0,0.684,182,1,0
PRD_sim1,16,PRD,2,0,0.866,188,1,0
PRD_sim1,16,PRD,3,1,0.407,176,1,0
PRD_sim1,16,PRD,4,0,0.843,154,1,0
PRD_sim1,16,PRD,5,0,0.648,173,1,0
PRD_sim1,16,PRD,6,0,0.851,163,1,0
PRD_sim1,16,PRD,7,1,0.53,128,1,0
PRD_sim1,16,PRD,8,0,0.652,190,1,0
PRD_sim1,16,PRD,9,0,0.892,160,1,0
PRD_sim1,17,PRD,0,0,0.822,205,1,0
PRD_sim1,17,PRD,1,0,0.74,108,1,0
PRD_sim1,17,PRD,2,0,0.721,210,1,0
PRD_sim1,17,PRD,3,1,0.48,121,1,0
PRD_sim1,17,PRD,4,0,0.791,121,1,0
PRD_sim1,17,PRD,5,0,0.777,134,1,0
PRD_sim1,17,PRD,6,0,0.407,137,1,0
PRD_sim1,17,PRD,7,1,0.244,131,1,0
PRD_sim1,17,PRD,8,0,0.685,162,1,0
PRD_sim1,17,PRD,9,0,0.509,209,1,0
PRD_sim1,18,PRD,0,0,0.698,185,1,0
PRD_sim1,18,PRD,1,0,0.455,175,1,0
PRD_sim1,18,PRD,2,0,0.769,165,1,0
PRD_sim1,18,PRD,3,1,0.184,161,1,0
PRD_sim1,18,PRD,4,0,0.631,135,1,0
PRD_sim1,18,PRD,5,0,0.744,191,1,0
PRD_sim1,18,PRD,6,0,0.894,215,1,0
PRD_sim1,18,PRD,7,1,0.519,172,1,0
PRD_sim1,18,PRD,8,0,0.686,141,1,0
PRD_sim1,18,PRD,9,0,0.657,140,1,0
PRD_sim1,19,PRD,0,0,0.733,191,1,0
PRD_sim1,19,PRD,1,0,0.764,202,1,0
PRD_sim1,19,PRD,2,0,0.757,170,1,0
PRD_sim1,19,PRD,3,1,0.118,260,1,0
PRD_sim1,19,PRD,4,0,0.832,252,1,0
PRD_sim1,19,PRD,5,0,0.763,237,1,0
PRD_sim1,19,PRD,6,0,0.756,159,1,0
PRD_sim1,19,PRD,7,1,0.053,108,1,0
PRD_sim1,19,PRD,8,0,0.8,238,1,0
PRD_sim1,19,PRD,9,0,0.677,166,1,0
PRD_sim1,20,PRD,0,0,0.901,152,1,0
PRD_sim1,20,PRD,1,0,0.897,147,1,0
PRD_sim1,20,PRD,2,0,0.363,153,1,0
PRD_sim1,20,PRD,3,1,0.431,188,1,0
PRD_sim1,20,PRD,4,0,0.791,214,1,0
PRD_sim1,20,PRD,5,0,0.391,165,1,0
PRD_sim1,20,PRD,6,0,0.728,137,1,0
PRD_sim1,20,PRD,7,1,0.267,144,1,0
PRD_sim1,20,PRD,8,0,0.491,166,1,0
PRD_sim1,20,PRD,9,0,0.801,165,1,0
PRD_sim1,21,PRD,0,0,0.464,148,1,0
PRD_sim1,21,PRD,1,0,0.496,246,1,0
PRD_sim1,21,PRD,2,0,0.987,174,1,0
PRD_sim1,21,PRD,3,1,0.083,206,1,0
PRD_sim1,21,PRD,4,0,0.876,189,1,0
PRD_sim1,21,PRD,5,0,0.508,165,1,0
PRD_sim1,21,PRD,6,0,0.317,172,1,0
PRD_sim1,21,PRD,7,1,0.091,208,1,0
PRD_sim1,21,PRD,8,0,0.811,101,1,0
PRD_sim1,21,PRD,9,0,0.899,167,1,0
PRD_sim1,22,PRD,0,0,0.571,176,1,0
PRD_sim1,22,PRD,1,0,0.875,194,1,0
PRD_sim1,22,PRD,2,0,0.499,146,1,0
PRD_sim1,22,PRD,3,1,0.212,180,1,0
PRD_sim1,22,PRD,4,0,0.879,179,1,0
PRD_sim1,22,PRD,5,0,0.809,211,1,0
PRD_sim1,22,PRD,6,0,0.788,144,1,0
PRD_sim1,22,PRD,7,1,0.172,212,1,0
PRD_sim1,22,PRD,8,0,0.767,207,1,0
PRD_sim1,22,PRD,9,0,0.816,222,1,0
PRD_sim1,23,PRD,0,0,0.893,162,1,0
PRD_sim1,23,PRD,1,0,0.695,133,1,0
PRD_sim1,23,PRD,2,0,0.572,229,1,0
PRD_sim1,23,PRD,3,1,0.259,218,1,0
PRD_sim1,23,PRD,4,0,0.753,155,1,0
PRD_sim1,23,PRD,5,0,0.597,135,1,0
PRD_sim1,23,PRD,6,0,0.748,150,1,0
PRD_sim1,23,PRD,7,1,0.44,127,1,0
PRD_sim1,23,PRD,8,0,0.403,211,1,0
PRD_sim1,23,PRD,9,0,0.655,197,1,0
PRD_sim1,24,PRD,0,0,0.643,231,1,0
PRD_sim1,24,PRD,1,0,0.824,179,1,0
PRD_sim1,24,PRD,2,0,0.886,142,1,0
PRD_sim1,24,PRD,3,1,0.308,238,1,0
PRD_sim1,24,PRD,4,0,0.557,249,1,0
PRD_sim1,24,PRD,5,0,0.461,207,1,0
PRD_sim1,24,PRD,6,0,0.614,209,1,0
PRD_sim1,24,PRD,7,1,0.276,261,1,0
PRD_sim1,24,PRD,8,0,0.594,182,1,0
PRD_sim1,24,PRD,9,0,0.861,160,1,0
PRD_sim1,25,PRD,0,0,0.872,215,1,0
PRD_sim1,25,PRD,1,0,0.907,262,1,0
PRD_sim1,25,PRD,2,0,0.907,323,1,0
PRD_sim1,25,PRD,3,1,0.435,270,1,0
PRD_sim1,25,PRD,4,0,0.916,194,1,0
PRD_sim1,25,PRD,5,0,0.502,225,1,0
PRD_sim1,25,PRD,6,0,0.603,203,1,0
PRD_sim1,25,PRD,7,1,0.203,192,1,0
PRD_sim1,25,PRD,8,0,0.773,172,1,0
PRD_sim1,25,PRD,9,0,0.735,198,1,0
PRD_sim1,26,PRD,0,0,0.853,250,1,0
PRD_sim1,26,PRD,1,0,0.747,187,1,0
PRD_sim1,26,PRD,2,0,0.806,220,1,0
PRD_sim1,26,PRD,3,1,0.347,191,1,0
PRD_sim1,26,PRD,4,0,0.904,207,1,0
PRD_sim1,26,PRD,5,0,0.944,244,1,0
PRD_sim1,26,PRD,6,0,0.865,110,1,0
PRD_sim1,26,PRD,7,1,0.445,223,1,0
PRD_sim1,26,PRD,8,0,0.744,186,1,0
PRD_sim1,26,PRD,9,0,0.478,246,1,0
PRD_sim1,27,PRD,0,0,0.785,124,1,0
PRD_sim1,27,PRD,1,0,0.761,284,1,0
PRD_sim1,27,PRD,2,0,0.945,232,1,0
PRD_sim1,27,PRD,3,1,0.631,181,1,0
PRD_sim1,27,PRD,4,0,0.572,188,1,0
PRD_sim1,27,PRD,5,0,0.575,176,1,0
PRD_sim1,27,PRD,6,0,0.651,225,1,0
PRD_sim1,27,PRD,7,1,0.088,171,1,0
PRD_sim1,27,PRD,8,0,0.591,221,1,0
PRD_sim1,27,PRD,9,0,0.595,204,1,0
PRD_sim1,28,PRD,0,0,0.756,172,1,0
PRD_sim1,28,PRD,1,0,0.895,91,1,0
PRD_sim1,28,PRD,2,0,0.499,187,1,0
PRD_sim1,28,PRD,3,1,0.568,222,1,0
PRD_sim1,28,PRD,4,0,0.917,181,1,0
PRD_sim1,28,PRD,5,0,0.663,178,1,0
PRD_sim1,28,PRD,6,0,0.868,179,1,0
PRD_sim1,28,PRD,7,1,0.127,172,1,0
PRD_sim1,28,PRD,8,0,0.697,206,1,0
PRD_sim1,28,PRD,9,0,0.552,194,1,0
PRD_sim1,29,PRD,0,0,0.653,226,1,0
PRD_sim1,29,PRD,1,0,0.732,179,1,0
PRD_sim1,29,PRD,2,0,0.681,263,1,0
PRD_sim1,29,PRD,3,1,0.193,261,1,0
PRD_sim1,29,PRD,4,0,0.767,167,1,0
PRD_sim1,29,PRD,5,0,0.903,221,1,0
PRD_sim1,29,PRD,6,0,0.108,201,1,0
PRD_sim1,29,PRD,7,1,0.211,176,1,0
PRD_sim1,29,PRD,8,0,0.877,243,1,0
PRD_sim1,29,PRD,9,0,0.757,271,1,0
PRD_sim1,30,PRD,0,0,0.676,289,1,0
PRD_sim1,30,PRD,1,0,0.509,255,1,0
PRD_sim1,30,PRD,2,0,0.618,270,1,0
PRD_sim1,30,PRD,3,1,0.203,144,1,0
PRD_sim1,30,PRD,4,0,0.552,237,1,0
PRD_sim1,30,PRD,5,0,0.369,242,1,0
PRD_sim1,30,PRD,6,0,0.482,140,1,0
PRD_sim1,30,PRD,7,1,0.607,178,1,0
PRD_sim1,30,PRD,8,0,0.791,154,1,0
PRD_sim1,30,PRD,9,0,0.641,195,1,0
PLD_sim1,1,PLD,0,0,0.519,85,1,0
PLD_sim1,1,PLD,1,0,0.901,47,2,1
PLD_sim1,1,PLD,2,0,0.75,67,1,0
PLD_sim1,1,PLD,3,1,0.183,150,1,0
PLD_sim1,1,PLD,4,0,0.534,109,1,0
PLD_sim1,1,PLD,5,0,0.792,93,3,2
PLD_sim1,1,PLD,6,0,0.641,94,1,0
PLD_sim1,1,PLD,7,1,0.212,70,1,0
PLD_sim1,1,PLD,8,0,0.695,70,1,0
PLD_sim1,1,PLD,9,0,0.929,116,3,2
PLD_sim1,2,PLD,0,0,0.677,122,1,0
PLD_sim1,2,PLD,1,0,0.892,82,1,0
PLD_sim1,2,PLD,2,0,0.414,99,1,0
PLD_sim1,2,PLD,3,1,0.084,104,1,0
PLD_sim1,2,PLD,4,0,0.57,112,1,0
PLD_sim1,2,PLD,5,0,0.422,113,1,0
PLD_sim1,2,PLD,6,0,0.805,86,1,0
PLD_sim1,2,PLD,7,1,0.396,79,1,0
PLD_sim1,2,PLD,8,0,0.98,134,1,0
PLD_sim1,2,PLD,9,0,0.24,84,1,0
PLD_sim1,3,PLD,0,0,0.887,109,1,0
PLD_sim1,3,PLD,1,0,0.781,110,2,1
PLD_sim1,3,PLD,2,0,0.833,138,2,1
PLD_sim1,3,PLD,3,1,0.387,91,1,0
PLD_sim1,3,PLD,4,0,0.59,142,1,0
PLD_sim1,3,PLD,5,0,0.819,98,1,0
PLD_sim1,3,PLD,6,0,0.819,47,2,1
PLD_sim1,3,PLD,7,1,0.164,60,1,0
PLD_sim1,3,PLD,8,0,0.795,96,1,0
PLD_sim1,3,PLD,9,0,0.657,118,1,0
PLD_sim1,4,PLD,0,0,0.919,83,1,0
PLD_sim1,4,PLD,1,0,0.448,121,1,0
PLD_sim1,4,PLD,2,0,0.894,95,3,2
PLD_sim1,4,PLD,3,1,0.509,108,1,0
PLD_sim1,4,PLD,4,0,0.564,165,1,0
PLD_sim1,4,PLD,5,0,0.934,95,2,1
PLD_sim1,4,PLD,6,0,0.788,91,1,0
PLD_sim1,4,PLD,7,1,0.134,104,1,0
PLD_sim1,4,PLD,8,0,0.748,90,1,0
PLD_sim1,4,PLD,9,0,0.593,112,1,0
PLD_sim1,5,PLD,0,0,0.664,112,1,0
PLD_sim1,5,PLD,1,0,0.652,91,1,0
PLD_sim1,5,PLD,2,0,0.766,156,3,2
PLD_sim1,5,PLD,3,1,0.018,90,1,0
PLD_sim1,5,PLD,4,0,0.617,125,1,0
PLD_sim1,5,PLD,5,0,0.684,139,1,0
PLD_sim1,5,PLD,6,0,0.454,123,1,0
PLD_sim1,5,PLD,7,1,0.254,124,1,0
PLD_sim1,5,PLD,8,0,0.914,123,4,3
PLD_sim1,5,PLD,9,0,0.685,115,1,0
PLD_sim1,6,PLD,0,0,0.907,138,4,3
PLD_sim1,6,PLD,1,0,0.734,118,2,1
PLD_sim1,6,PLD,2,0,0.769,97,2,1
PLD_sim1,6,PLD,3,1,0.501,98,1,0
PLD_sim1,6,PLD,4,0,0.734,139,2,1
PLD_sim1,6,PLD,5,0,0.906,94,2,1
PLD_sim1,6,PLD,6,0,0.909,125,2,1
PLD_sim1,6,PLD,7,1,0.136,133,1,0
PLD_sim1,6,PLD,8,0,0.827,71,4,3
PLD_sim1,6,PLD,9,0,0.747,92,3,2
PLD_sim1,7,PLD,0,0,0.462,135,1,0
PLD_sim1,7,PLD,1,0,0.667,124,1,0
PLD_sim1,7,PLD,2,0,0.584,83,1,0
PLD_sim1,7,PLD,3,1,0.109,148,1,0
PLD_sim1,7,PLD,4,0,0.789,140,2,1
PLD_sim1,7,PLD,5,0,0.762,159,3,2
PLD_sim1,7,PLD,6,0,0.955,146,2,1
PLD_sim1,7,PLD,7,1,0.556,95,1,0
PLD_sim1,7,PLD,8,0,0.573,147,1,0
PLD_sim1,7,PLD,9,0,0.367,133,1,0
PLD_sim1,8,PLD,0,0,0.407,124,1,0
PLD_sim1,8,PLD,1,0,0.741,142,3,2
PLD_sim1,8,PLD,2,0,0.817,132,4,3
PLD_sim1,8,PLD,3,1,0.547,132,1,0
PLD_sim1,8,PLD,4,0,0.541,144,1,0
PLD_sim1,8,PLD,5,0,0.455,99,1,0
PLD_sim1,8,PLD,6,0,0.915,111,2,1
PLD_sim1,8,PLD,7,1,0.353,196,1,0
PLD_sim1,8,PLD,8,0,0.538,104,1,0
PLD_sim1,8,PLD,9,0,0.746,145,2,1
PLD_sim1,9,PLD,0,0,0.901,144,3,2
PLD_sim1,9,PLD,1,0,0.685,152,1,0
PLD_sim1,9,PLD,2,0,0.792,167,4,3
PLD_sim1,9,PLD,3,1,0.53,120,1,0
PLD_sim1,9,PLD,4,0,0.528,103,1,0
PLD_sim1,9,PLD,5,0,0.79,102,4,3
PLD_sim1,9,PLD,6,0,0.611,166,1,0
PLD_sim1,9,PLD,7,1,0.234,153,1,0
PLD_sim1,9,PLD,8,0,0.991,174,3,2
PLD_sim1,9,PLD,9,0,0.358,157,1,0
PLD_sim1,10,PLD,0,0,0.703,116,5,4
PLD_sim1,10,PLD,1,0,0.573,177,1,0
PLD_sim1,10,PLD,2,0,0.431,141,1,0
PLD_sim1,10,PLD,3,1,0.451,94,1,0
PLD_sim1,10,PLD,4,0,0.643,113,1,0
PLD_sim1,10,PLD,5,0,0.578,140,1,0
PLD_sim1,10,PLD,6,0,0.877,153,4,3
PLD_sim1,10,PLD,7,1,0.253,177,1,0
PLD_sim1,10,PLD,8,0,0.372,120,1,0
PLD_sim1,10,PLD,9,0,0.945,190,3,2
PLD_sim1,11,PLD,0,0,0.862,168,5,4
PLD_sim1,11,PLD,1,0,0.637,112,1,0
PLD_sim1,11,PLD,2,0,0.751,184,5,4
PLD_sim1,11,PLD,3,1,0.126,116,1,0
PLD_sim1,11,PLD,4,0,0.677,137,1,0
PLD_sim1,11,PLD,5,0,0.617,223,1,0
PLD_sim1,11,PLD,6,0,0.77,128,3,2
PLD_sim1,11,PLD,7,1,0.278,152,1,0
PLD_sim1,11,PLD,8,0,0.419,108,1,0
PLD_sim1,11,PLD,9,0,0.773,119,3,2
PLD_sim1,12,PLD,0,0,0.503,111,1,0
PLD_sim1,12,PLD,1,0,0.844,127,3,2
PLD_sim1,12,PLD,2,0,0.648,166,1,0
PLD_sim1,12,PLD,3,1,0.119,199,1,0
PLD_sim1,12,PLD,4,0,0.961,146,3,2
PLD_sim1,12,PLD,5,0,0.649,184,1,0
PLD_sim1,12,PLD,6,0,0.834,137,3,2
PLD_sim1,12,PLD,7,1,0.041,153,1,0
PLD_sim1,12,PLD,8,0,0.767,170,4,3
PLD_sim1,12,PLD,9,0,0.806,162,4,3
PLD_sim1,13,PLD,0,0,0.655,123,1,0
PLD_sim1,13,PLD,1,0,0.535,110,1,0
PLD_sim1,13,PLD,2,0,0.771,194,3,2
PLD_sim1,13,PLD,3,1,0.189,165,1,0
PLD_sim1,13,PLD,4,0,0.786,128,5,4
PLD_sim1,13,PLD,5,0,0.684,175,1,0
PLD_sim1,13,PLD,6,0,0.693,158,1,0
PLD_sim1,13,PLD,7,1,0.162,153,1,0
PLD_sim1,13,PLD,8,0,0.815,128,4,3
PLD_sim1,13,PLD,9,0,0.786,174,5,4
PLD_sim1,14,PLD,0,0,0.862,154,5,4
PLD_sim1,14,PLD,1,0,0.773,212,5,4
PLD_sim1,14,PLD,2,0,0.81,233,3,2
PLD_sim1,14,PLD,3,1,0.269,168,1,0
PLD_sim1,14,PLD,4,0,0.695,138,1,0
PLD_sim1,14,PLD,5,0,0.755,162,5,4
PLD_sim1,14,PLD,6,0,0.889,153,4,3
PLD_sim1,14,PLD,7,1,0.266,103,1,0
PLD_sim1,14,PLD,8,0,0.895,150,3,2
PLD_sim1,14,PLD,9,0,0.925,210,3,2
PLD_sim1,15,PLD,0,0,0.648,203,1,0
PLD_sim1,15,PLD,1,0,0.854,185,6,5
PLD_sim1,15,PLD,2,0,0.652,178,1,0
PLD_sim1,15,PLD,3,1,0.334,168,1,0
PLD_sim1,15,PLD,4,0,0.879,144,4,3
PLD_sim1,15,PLD,5,0,0.779,148,4,3
PLD_sim1,15,PLD,6,0,0.657,186,1,0
PLD_sim1,15,PLD,7,1,0.5,164,1,0
PLD_sim1,15,PLD,8,0,0.964,196,5,4
PLD_sim1,15,PLD,9,0,0.53,166,1,0
PLD_sim1,16,PLD,0,0,0.553,147,1,0
PLD_sim1,16,PLD,1,0,0.548,225,1,0
PLD_sim1,16,PLD,2,0,0.92,183,6,5
PLD_sim1,16,PLD,3,1,0.26,178,1,0
PLD_sim1,16,PLD,4,0,0.56,187,1,0
PLD_sim1,16,PLD,5,0,0.453,170,1,0
PLD_sim1,16,PLD,6,0,0.688,121,1,0
PLD_sim1,16,PLD,7,1,0.055,138,1,0
PLD_sim1,16,PLD,8,0,0.96,173,4,3
PLD_sim1,16,PLD,9,0,0.833,107,5,4
PLD_sim1,17,PLD,0,0,0.805,171,4,3
PLD_sim1,17,PLD,1,0,0.588,176,1,0
PLD_sim1,17,PLD,2,0,0.856,180,4,3
PLD_sim1,17,PLD,3,1,0.418,152,1,0
PLD_sim1,17,PLD,4,0,0.359,155,1,0
PLD_sim1,17,PLD,5,0,0.886,146,4,3
PLD_sim1,17,PLD,6,0,0.828,152,6,5
PLD_sim1,17,PLD,7,1,0.374,198,1,0
PLD_sim1,17,PLD,8,0,0.726,178,5,4
PLD_sim1,17,PLD,9,0,0.86,179,4,3
PLD_sim1,18,PLD,0,0,0.863,175,5,4
PLD_sim1,18,PLD,1,0,0.669,244,1,0
PLD_sim1,18,PLD,2,0,0.871,253,5,4
PLD_sim1,18,PLD,3,1,0.287,153,1,0
PLD_sim1,18,PLD,4,0,0.812,174,5,4
PLD_sim1,18,PLD,5,0,0.752,105,4,3
PLD_sim1,18,PLD,6,0,0.584,179,1,0
PLD_sim1,18,PLD,7,1,0.223,152,1,0
PLD_sim1,18,PLD,8,0,0.529,105,1,0
PLD_sim1,18,PLD,9,0,0.359,172,1,0
PLD_sim1,19,PLD,0,0,0.652,163,1,0
PLD_sim1,19,PLD,1,0,0.302,253,1,0
PLD_sim1,19,PLD,2,0,0.773,247,5,4
PLD_sim1,19,PLD,3,1,0.268,189,1,0
PLD_sim1,19,PLD,4,0,0.675,199,1,0
PLD_sim1,19,PLD,5,0,0.541,152,1,0
PLD_sim1,19,PLD,6,0,0.981,210,6,5
PLD_sim1,19,PLD,7,1,0.436,163,1,0
PLD_sim1,19,PLD,8,0,0.694,145,1,0
PLD_sim1,19,PLD,9,0,0.514,196,1,0
PLD_sim1,20,PLD,0,0,0.653,257,1,0
PLD_sim1,20,PLD,1,0,0.741,208,5,4
PLD_sim1,20,PLD,2,0,0.637,224,1,0
PLD_sim1,20,PLD,3,1,0.117,166,1,0
PLD_sim1,20,PLD,4,0,0.891,161,6,5
PLD_sim1,20,PLD,5,0,0.551,230,1,0
PLD_sim1,20,PLD,6,0,0.79,197,7,6
PLD_sim1,20,PLD,7,1,0.035,109,1,0
PLD_sim1,20,PLD,8,0,0.702,176,7,6
PLD_sim1,20,PLD,9,0,0.845,212,7,6
PLD_sim1,21,PLD,0,0,0.704,168,6,5
PLD_sim1,21,PLD,1,0,0.595,185,1,0
PLD_sim1,21,PLD,2,0,0.765,128,7,6
PLD_sim1,21,PLD,3,1,0.15,221,1,0
PLD_sim1,21,PLD,4,0,0.733,228,5,4
PLD_sim1,21,PLD,5,0,0.451,249,1,0
PLD_sim1,21,PLD,6,0,0.646,179,1,0
PLD_sim1,21,PLD,7,1,0.4,159,1,0
PLD_sim1,21,PLD,8,0,0.475,294,1,0
PLD_sim1,21,PLD,9,0,0.963,172,6,5
PLD_sim1,22,PLD,0,0,0.709,211,5,4
PLD_sim1,22,PLD,1,0,0.759,184,6,5
PLD_sim1,22,PLD,2,0,0.959,158,5,4
PLD_sim1,22,PLD,3,1,0.128,187,1,0
PLD_sim1,22,PLD,4,0,0.573,180,1,0
PLD_sim1,22,PLD,5,0,0.663,165,1,0
PLD_sim1,22,PLD,6,0,0.95,153,5,4
PLD_sim1,22,PLD,7,1,0.386,146,1,0
PLD_sim1,22,PLD,8,0,0.919,141,5,4
PLD_sim1,22,PLD,9,0,0.678,150,1,0
PLD_sim1,23,PLD,0,0,0.396,246,1,0
PLD_sim1,23,PLD,1,0,0.876,221,6,5
PLD_sim1,23,PLD,2,0,0.778,143,7,6
PLD_sim1,23,PLD,3,1,0.55,199,1,0
PLD_sim1,23,PLD,4,0,0.743,139,7,6
PLD_sim1,23,PLD,5,0,0.769,280,7,6
PLD_sim1,23,PLD,6,0,0.709,209,7,6
PLD_sim1,23,PLD,7,1,0.168,258,1,0
PLD_sim1,23,PLD,8,0,0.657,119,1,0
PLD_sim1,23,PLD,9,0,0.803,187,7,6
PLD_sim1,24,PLD,0,0,0.858,215,7,6
PLD_sim1,24,PLD,1,0,0.639,193,1,0
PLD_sim1,24,PLD,2,0,0.645,217,1,0
PLD_sim1,24,PLD,3,1,0.093,266,1,0
PLD_sim1,24,PLD,4,0,0.951,195,6,5
PLD_sim1,24,PLD,5,0,0.659,195,1,0
PLD_sim1,24,PLD,6,0,0.88,239,7,6
PLD_sim1,24,PLD,7,1,0.034,303,1,0
PLD_sim1,24,PLD,8,0,0.802,220,7,6
PLD_sim1,24,PLD,9,0,0.707,143,5,4
PLD_sim1,25,PLD,0,0,0.906,171,6,5
PLD_sim1,25,PLD,1,0,0.571,209,1,0
PLD_sim1,25,PLD,2,0,0.877,218,6,5
PLD_sim1,25,PLD,3,1,0.386,145,1,0
PLD_sim1,25,PLD,4,0,0.955,213,6,5
PLD_sim1,25,PLD,5,0,0.803,205,7,6
PLD_sim1,25,PLD,6,0,0.89,214,8,7
PLD_sim1,25,PLD,7,1,0.293,264,1,0
PLD_sim1,25,PLD,8,0,0.872,219,7,6
PLD_sim1,25,PLD,9,0,0.541,197,1,0
PLD_sim1,26,PLD,0,0,0.617,168,1,0
PLD_sim1,26,PLD,1,0,0.786,148,8,7
PLD_sim1,26,PLD,2,0,0.54,195,1,0
PLD_sim1,26,PLD,3,1,0.443,201,1,0
PLD_sim1,26,PLD,4,0,0.775,157,6,5
PLD_sim1,26,PLD,5,0,0.8,191,8,7
PLD_sim1,26,PLD,6,0,0.449,168,1,0
PLD_sim1,26,PLD,7,1,0.142,281,1,0
PLD_sim1,26,PLD,8,0,0.803,268,7,6
PLD_sim1,26,PLD,9,0,0.598,185,1,0
PLD_sim1,27,PLD,0,0,0.607,200,1,0
PLD_sim1,27,PLD,1,0,0.675,211,1,0
PLD_sim1,27,PLD,2,0,0.674,178,1,0
PLD_sim1,27,PLD,3,1,0.366,197,1,0
PLD_sim1,27,PLD,4,0,0.774,198,7,6
PLD_sim1,27,PLD,5,0,0.873,252,6,5
PLD_sim1,27,PLD,6,0,0.533,290,1,0
PLD_sim1,27,PLD,7,1,0.041,308,1,0
PLD_sim1,27,PLD,8,0,0.973,218,6,5
PLD_sim1,27,PLD,9,0,0.823,239,6,5
PLD_sim1,28,PLD,0,0,0.707,260,6,5
PLD_sim1,28,PLD,1,0,0.696,271,1,0
PLD_sim1,28,PLD,2,0,0.675,285,1,0
PLD_sim1,28,PLD,3,1,0.365,242,1,0
PLD_sim1,28,PLD,4,0,0.333,247,1,0
PLD_sim1,28,PLD,5,0,0.592,169,1,0
PLD_sim1,28,PLD,6,0,0.848,164,8,7
PLD_sim1,28,PLD,7,1,0.367,204,1,0
PLD_sim1,28,PLD,8,0,0.644,170,1,0
PLD_sim1,28,PLD,9,0,0.787,211,8,7
PLD_sim1,29,PLD,0,0,0.443,244,1,0
PLD_sim1,29,PLD,1,0,0.487,166,1,0
PLD_sim1,29,PLD,2,0,0.752,198,6,5
PLD_sim1,29,PLD,3,1,0.371,240,1,0
PLD_sim1,29,PLD,4,0,0.502,238,1,0
PLD_sim1,29,PLD,5,0,0.93,193,7,6
PLD_sim1,29,PLD,6,0,0.684,206,1,0
PLD_sim1,29,PLD,7,1,0.176,273,1,0
PLD_sim1,29,PLD,8,0,0.616,215,1,0
PLD_sim1,29,PLD,9,0,0.939,217,8,7
PLD_sim1,30,PLD,0,0,0.397,259,1,0
PLD_sim1,30,PLD,1,0,0.808,219,8,7
PLD_sim1,30,PLD,2,0,0.667,212,1,0
PLD_sim1,30,PLD,3,1,0.423,167,1,0
PLD_sim1,30,PLD,4,0,0.688,311,1,0
PLD_sim1,30,PLD,5,0,0.648,284,1,0
PLD_sim1,30,PLD,6,0,0.906,265,9,8
PLD_sim1,30,PLD,7,1,0.044,295,1,0
PLD_sim1,30,PLD,8,0,0.693,243,1,0
PLD_sim1,30,PLD,9,0,0.783,268,7,6
